episode,score,epsilon
1,-1.0,0.999
2,-1.0,0.998001
3,-1.0,0.997002999
4,0.0,0.996005996001
5,1.0,0.995009990004999
6,1.0,0.994014980014994
7,-1.0,0.993020965034979
8,0.0,0.9920279440699441
9,-1.0,0.9910359161258742
10,-1.0,0.9900448802097482
11,0.0,0.9890548353295385
12,-1.0,0.988065780494209
13,0.0,0.9870777147137147
14,-1.0,0.986090636999001
15,-1.0,0.9851045463620021
16,-1.0,0.98411944181564
17,-1.0,0.9831353223738244
18,-1.0,0.9821521870514506
19,-1.0,0.9811700348643991
20,-1.0,0.9801888648295347
21,-1.0,0.9792086759647052
22,-1.0,0.9782294672887405
23,-1.0,0.9772512378214517
24,-1.0,0.9762739865836303
25,0.0,0.9752977125970467
26,0.0,0.9743224148844496
27,0.0,0.9733480924695651
28,0.0,0.9723747443770956
29,1.0,0.9714023696327185
30,-1.0,0.9704309672630859
31,0.0,0.9694605362958227
32,1.0,0.9684910757595269
33,-1.0,0.9675225846837673
34,-1.0,0.9665550620990835
35,-1.0,0.9655885070369844
36,-1.0,0.9646229185299474
37,-1.0,0.9636582956114175
38,-1.0,0.9626946373158061
39,-1.0,0.9617319426784903
40,0.0,0.9607702107358118
41,-1.0,0.959809440525076
42,-1.0,0.9588496310845509
43,-1.0,0.9578907814534664
44,-1.0,0.9569328906720129
45,-1.0,0.9559759577813409
46,-1.0,0.9550199818235596
47,-1.0,0.9540649618417361
48,-1.0,0.9531108968798944
49,-1.0,0.9521577859830145
50,0.0,0.9512056281970315
51,-1.0,0.9502544225688344
52,-1.0,0.9493041681462656
53,-1.0,0.9483548639781193
54,-1.0,0.9474065091141411
55,-1.0,0.946459102605027
56,-1.0,0.9455126435024219
57,-1.0,0.9445671308589195
58,-1.0,0.9436225637280606
59,-1.0,0.9426789411643326
60,-1.0,0.9417362622231683
61,-1.0,0.9407945259609451
62,-1.0,0.9398537314349842
63,-1.0,0.9389138777035492
64,-1.0,0.9379749638258457
65,-1.0,0.9370369888620198
66,0.0,0.9360999518731578
67,0.0,0.9351638519212846
68,-1.0,0.9342286880693633
69,-1.0,0.933294459381294
70,0.0,0.9323611649219127
71,-1.0,0.9314288037569908
72,-1.0,0.9304973749532338
73,0.0,0.9295668775782806
74,-1.0,0.9286373107007023
75,-1.0,0.9277086733900016
76,-1.0,0.9267809647166116
77,-1.0,0.925854183751895
78,-1.0,0.9249283295681431
79,-1.0,0.9240034012385749
80,-1.0,0.9230793978373364
81,-1.0,0.9221563184394991
82,-1.0,0.9212341621210596
83,0.0,0.9203129279589385
84,1.0,0.9193926150309796
85,-1.0,0.9184732224159486
86,2.0,0.9175547491935327
87,-1.0,0.9166371944443392
88,-1.0,0.9157205572498949
89,-1.0,0.914804836692645
90,1.0,0.9138900318559524
91,3.0,0.9129761418240965
92,-1.0,0.9120631656822724
93,0.0,0.9111511025165902
94,-1.0,0.9102399514140735
95,-1.0,0.9093297114626595
96,0.0,0.9084203817511969
97,-1.0,0.9075119613694457
98,-1.0,0.9066044494080763
99,1.0,0.9056978449586682
100,-1.0,0.9047921471137096
101,1.0,0.9038873549665959
102,-1.0,0.9029834676116293
103,-1.0,0.9020804841440176
104,-1.0,0.9011784036598737
105,-1.0,0.9002772252562138
106,-1.0,0.8993769480309576
107,-1.0,0.8984775710829266
108,-1.0,0.8975790935118436
109,-1.0,0.8966815144183318
110,-1.0,0.8957848329039134
111,-1.0,0.8948890480710096
112,-1.0,0.8939941590229386
113,1.0,0.8931001648639156
114,-1.0,0.8922070646990518
115,-1.0,0.8913148576343527
116,-1.0,0.8904235427767183
117,-1.0,0.8895331192339416
118,2.0,0.8886435861147077
119,-1.0,0.887754942528593
120,-1.0,0.8868671875860644
121,-1.0,0.8859803203984784
122,-1.0,0.88509434007808
123,1.0,0.8842092457380019
124,-1.0,0.8833250364922639
125,-1.0,0.8824417114557717
126,0.0,0.8815592697443159
127,-1.0,0.8806777104745716
128,-1.0,0.8797970327640969
129,0.0,0.8789172357313328
130,2.0,0.8780383184956015
131,-1.0,0.8771602801771059
132,0.0,0.8762831198969288
133,-1.0,0.8754068367770318
134,0.0,0.8745314299402548
135,-1.0,0.8736568985103146
136,-1.0,0.8727832416118043
137,0.0,0.8719104583701925
138,-1.0,0.8710385479118223
139,0.0,0.8701675093639105
140,-1.0,0.8692973418545467
141,0.0,0.8684280445126921
142,-1.0,0.8675596164681794
143,0.0,0.8666920568517111
144,-1.0,0.8658253647948594
145,-1.0,0.8649595394300645
146,-1.0,0.8640945798906344
147,-1.0,0.8632304853107438
148,-1.0,0.862367254825433
149,-1.0,0.8615048875706075
150,0.0,0.8606433826830369
151,-1.0,0.8597827393003539
152,-1.0,0.8589229565610536
153,-1.0,0.8580640336044925
154,-1.0,0.857205969570888
155,-1.0,0.8563487636013172
156,-1.0,0.8554924148377159
157,0.0,0.8546369224228781
158,-1.0,0.8537822855004553
159,0.0,0.8529285032149548
160,0.0,0.8520755747117399
161,-1.0,0.8512234991370281
162,-1.0,0.8503722756378911
163,-1.0,0.8495219033622532
164,-1.0,0.8486723814588909
165,-1.0,0.847823709077432
166,-1.0,0.8469758853683546
167,1.0,0.8461289094829862
168,-1.0,0.8452827805735033
169,-1.0,0.8444374977929298
170,-1.0,0.8435930602951368
171,-1.0,0.8427494672348417
172,0.0,0.8419067177676068
173,-1.0,0.8410648110498392
174,-1.0,0.8402237462387894
175,-1.0,0.8393835224925505
176,-1.0,0.838544138970058
177,-1.0,0.8377055948310879
178,-1.0,0.8368678892362568
179,-1.0,0.8360310213470206
180,-1.0,0.8351949903256736
181,0.0,0.8343597953353479
182,-1.0,0.8335254355400126
183,-1.0,0.8326919101044725
184,-1.0,0.831859218194368
185,-1.0,0.8310273589761736
186,-1.0,0.8301963316171974
187,0.0,0.8293661352855802
188,-1.0,0.8285367691502946
189,-1.0,0.8277082323811443
190,-1.0,0.8268805241487632
191,0.0,0.8260536436246144
192,0.0,0.8252275899809898
193,-1.0,0.8244023623910088
194,-1.0,0.8235779600286178
195,-1.0,0.8227543820685892
196,0.0,0.8219316276865206
197,-1.0,0.8211096960588341
198,-1.0,0.8202885863627752
199,-1.0,0.8194682977764125
200,-1.0,0.818648829478636
201,-1.0,0.8178301806491574
202,-1.0,0.8170123504685082
203,-1.0,0.8161953381180397
204,-1.0,0.8153791427799216
205,-1.0,0.8145637636371417
206,-1.0,0.8137491998735046
207,-1.0,0.812935450673631
208,-1.0,0.8121225152229574
209,-1.0,0.8113103927077344
210,-1.0,0.8104990823150267
211,-1.0,0.8096885832327116
212,-1.0,0.8088788946494789
213,-1.0,0.8080700157548294
214,-1.0,0.8072619457390746
215,-1.0,0.8064546837933355
216,-1.0,0.8056482291095421
217,-1.0,0.8048425808804326
218,-1.0,0.8040377382995522
219,-1.0,0.8032337005612527
220,-1.0,0.8024304668606914
221,-1.0,0.8016280363938307
222,-1.0,0.8008264083574369
223,-1.0,0.8000255819490795
224,-1.0,0.7992255563671304
225,-1.0,0.7984263308107633
226,-1.0,0.7976279044799526
227,-1.0,0.7968302765754727
228,-1.0,0.7960334462988972
229,-1.0,0.7952374128525983
230,-1.0,0.7944421754397457
231,-1.0,0.7936477332643059
232,-1.0,0.7928540855310416
233,-1.0,0.7920612314455105
234,-1.0,0.7912691702140651
235,-1.0,0.790477901043851
236,-1.0,0.7896874231428072
237,-1.0,0.7888977357196644
238,-1.0,0.7881088379839447
239,-1.0,0.7873207291459607
240,-1.0,0.7865334084168147
241,-1.0,0.7857468750083979
242,-1.0,0.7849611281333895
243,-1.0,0.784176167005256
244,-1.0,0.7833919908382508
245,-1.0,0.7826085988474126
246,-1.0,0.7818259902485653
247,-1.0,0.7810441642583167
248,-1.0,0.7802631200940584
249,-1.0,0.7794828569739644
250,-1.0,0.7787033741169904
251,-1.0,0.7779246707428734
252,-1.0,0.7771467460721305
253,-1.0,0.7763695993260584
254,-1.0,0.7755932297267324
255,-1.0,0.7748176364970056
256,-1.0,0.7740428188605086
257,-1.0,0.7732687760416481
258,-1.0,0.7724955072656065
259,-1.0,0.7717230117583408
260,-1.0,0.7709512887465825
261,-1.0,0.7701803374578359
262,-1.0,0.7694101571203781
263,-1.0,0.7686407469632577
264,-1.0,0.7678721062162944
265,-1.0,0.7671042341100781
266,-1.0,0.766337129875968
267,-1.0,0.7655707927460921
268,-1.0,0.764805221953346
269,-1.0,0.7640404167313927
270,-1.0,0.7632763763146613
271,-1.0,0.7625130999383466
272,-1.0,0.7617505868384082
273,-1.0,0.7609888362515699
274,-1.0,0.7602278474153183
275,-1.0,0.759467619567903
276,0.0,0.7587081519483351
277,-1.0,0.7579494437963867
278,-1.0,0.7571914943525904
279,-1.0,0.7564343028582378
280,-1.0,0.7556778685553796
281,-1.0,0.7549221906868242
282,-1.0,0.7541672684961374
283,-1.0,0.7534131012276413
284,-1.0,0.7526596881264136
285,-1.0,0.7519070284382872
286,-1.0,0.7511551214098489
287,-1.0,0.750403966288439
288,-1.0,0.7496535623221505
289,-1.0,0.7489039087598284
290,-1.0,0.7481550048510686
291,-1.0,0.7474068498462175
292,-1.0,0.7466594429963713
293,-1.0,0.745912783553375
294,-1.0,0.7451668707698216
295,-1.0,0.7444217038990517
296,-1.0,0.7436772821951526
297,-1.0,0.7429336049129575
298,-1.0,0.7421906713080445
299,-1.0,0.7414484806367364
300,-1.0,0.7407070321560997
301,-1.0,0.7399663251239436
302,-1.0,0.7392263587988196
303,-1.0,0.7384871324400207
304,-1.0,0.7377486453075807
305,-1.0,0.737010896662273
306,-1.0,0.7362738857656108
307,-1.0,0.7355376118798452
308,-1.0,0.7348020742679654
309,-1.0,0.7340672721936974
310,-1.0,0.7333332049215037
311,-1.0,0.7325998717165821
312,-1.0,0.7318672718448656
313,-1.0,0.7311354045730207
314,-1.0,0.7304042691684477
315,-1.0,0.7296738648992792
316,-1.0,0.7289441910343799
317,-1.0,0.7282152468433455
318,-1.0,0.7274870315965022
319,-1.0,0.7267595445649057
320,-1.0,0.7260327850203407
321,-1.0,0.7253067522353204
322,-1.0,0.724581445483085
323,-1.0,0.723856864037602
324,-1.0,0.7231330071735643
325,-1.0,0.7224098741663908
326,-1.0,0.7216874642922244
327,-1.0,0.7209657768279322
328,-1.0,0.7202448110511043
329,-1.0,0.7195245662400531
330,-1.0,0.7188050416738131
331,-1.0,0.7180862366321393
332,-1.0,0.7173681503955072
333,-1.0,0.7166507822451117
334,-1.0,0.7159341314628666
335,-1.0,0.7152181973314037
336,-1.0,0.7145029791340722
337,-1.0,0.7137884761549381
338,-1.0,0.7130746876787832
339,-1.0,0.7123616129911045
340,-1.0,0.7116492513781133
341,-1.0,0.7109376021267352
342,-1.0,0.7102266645246085
343,-1.0,0.7095164378600839
344,-1.0,0.7088069214222238
345,-1.0,0.7080981145008015
346,-1.0,0.7073900163863007
347,-1.0,0.7066826263699144
348,-1.0,0.7059759437435444
349,-1.0,0.7052699677998009
350,-1.0,0.704564697832001
351,-1.0,0.7038601331341691
352,-1.0,0.7031562730010349
353,-1.0,0.7024531167280339
354,-1.0,0.7017506636113059
355,-1.0,0.7010489129476946
356,-1.0,0.7003478640347469
357,-1.0,0.6996475161707122
358,-1.0,0.6989478686545415
359,-1.0,0.698248920785887
360,-1.0,0.6975506718651011
361,-1.0,0.6968531211932361
362,-1.0,0.6961562680720428
363,-1.0,0.6954601118039707
364,-1.0,0.6947646516921667
365,-1.0,0.6940698870404746
366,-1.0,0.6933758171534341
367,-1.0,0.6926824413362807
368,-1.0,0.6919897588949444
369,-1.0,0.6912977691360495
370,-1.0,0.6906064713669134
371,-1.0,0.6899158648955466
372,-1.0,0.689225949030651
373,-1.0,0.6885367230816204
374,-1.0,0.6878481863585387
375,-1.0,0.6871603381721801
376,-1.0,0.686473177834008
377,-1.0,0.685786704656174
378,-1.0,0.6851009179515178
379,-1.0,0.6844158170335664
380,-1.0,0.6837314012165328
381,-1.0,0.6830476698153162
382,-1.0,0.6823646221455009
383,-1.0,0.6816822575233553
384,-1.0,0.6810005752658319
385,-1.0,0.680319574690566
386,-1.0,0.6796392551158754
387,-1.0,0.6789596158607596
388,-1.0,0.6782806562448989
389,-1.0,0.677602375588654
390,-1.0,0.6769247732130653
391,-1.0,0.6762478484398523
392,-1.0,0.6755716005914124
393,-1.0,0.674896028990821
394,-1.0,0.6742211329618302
395,-1.0,0.6735469118288684
396,-1.0,0.6728733649170395
397,-1.0,0.6722004915521225
398,-1.0,0.6715282910605703
399,-1.0,0.6708567627695098
400,-1.0,0.6701859060067403
401,-1.0,0.6695157201007336
402,-1.0,0.6688462043806328
403,-1.0,0.6681773581762521
404,-1.0,0.6675091808180759
405,-1.0,0.6668416716372578
406,-1.0,0.6661748299656206
407,-1.0,0.6655086551356549
408,-1.0,0.6648431464805192
409,-1.0,0.6641783033340387
410,-1.0,0.6635141250307047
411,-1.0,0.662850610905674
412,-1.0,0.6621877602947683
413,-1.0,0.6615255725344735
414,-1.0,0.660864046961939
415,-1.0,0.660203182914977
416,-1.0,0.6595429797320621
417,-1.0,0.6588834367523301
418,-1.0,0.6582245533155777
419,-1.0,0.6575663287622622
420,-1.0,0.6569087624334999
421,-1.0,0.6562518536710664
422,-1.0,0.6555956018173954
423,-1.0,0.654940006215578
424,-1.0,0.6542850662093624
425,-1.0,0.6536307811431531
426,-1.0,0.65297715036201
427,-1.0,0.6523241732116479
428,-1.0,0.6516718490384363
429,-1.0,0.6510201771893979
430,-1.0,0.6503691570122084
431,-1.0,0.6497187878551962
432,-1.0,0.649069069067341
433,-1.0,0.6484199999982736
434,-1.0,0.6477715799982753
435,-1.0,0.647123808418277
436,-1.0,0.6464766846098587
437,-1.0,0.6458302079252489
438,-1.0,0.6451843777173236
439,-1.0,0.6445391933396063
440,-1.0,0.6438946541462667
441,-1.0,0.6432507594921204
442,-1.0,0.6426075087326283
443,-1.0,0.6419649012238956
444,0.0,0.6413229363226717
445,-1.0,0.640681613386349
446,-1.0,0.6400409317729626
447,-1.0,0.6394008908411897
448,-1.0,0.6387614899503485
449,-1.0,0.6381227284603982
450,-1.0,0.6374846057319378
451,-1.0,0.6368471211262058
452,-1.0,0.6362102740050796
453,-1.0,0.6355740637310745
454,-1.0,0.6349384896673435
455,-1.0,0.6343035511776761
456,-1.0,0.6336692476264985
457,-1.0,0.6330355783788719
458,0.0,0.632402542800493
459,-1.0,0.6317701402576925
460,-1.0,0.6311383701174348
461,-1.0,0.6305072317473174
462,-1.0,0.6298767245155701
463,-1.0,0.6292468477910546
464,-1.0,0.6286176009432635
465,0.0,0.6279889833423202
466,-1.0,0.6273609943589779
467,-1.0,0.6267336333646188
468,-1.0,0.6261068997312542
469,-1.0,0.6254807928315229
470,-1.0,0.6248553120386914
471,-1.0,0.6242304567266527
472,-1.0,0.623606226269926
473,-1.0,0.6229826200436561
474,-1.0,0.6223596374236124
475,-1.0,0.6217372777861888
476,-1.0,0.6211155405084027
477,-1.0,0.6204944249678943
478,-1.0,0.6198739305429264
479,-1.0,0.6192540566123834
480,-1.0,0.6186348025557711
481,-1.0,0.6180161677532153
482,-1.0,0.6173981515854621
483,-1.0,0.6167807534338766
484,-1.0,0.6161639726804428
485,-1.0,0.6155478087077623
486,-1.0,0.6149322608990545
487,-1.0,0.6143173286381555
488,-1.0,0.6137030113095173
489,-1.0,0.6130893082982078
490,-1.0,0.6124762189899097
491,-1.0,0.6118637427709198
492,-1.0,0.6112518790281489
493,-1.0,0.6106406271491208
494,-1.0,0.6100299865219717
495,-1.0,0.6094199565354498
496,-1.0,0.6088105365789144
497,-1.0,0.6082017260423355
498,-1.0,0.6075935243162931
499,-1.0,0.6069859307919768
500,-1.0,0.6063789448611848
501,-1.0,0.6057725659163237
502,-1.0,0.6051667933504074
503,-1.0,0.6045616265570569
504,-1.0,0.6039570649304998
505,-1.0,0.6033531078655693
506,-1.0,0.6027497547577038
507,-1.0,0.602147005002946
508,-1.0,0.6015448579979431
509,-1.0,0.6009433131399452
510,-1.0,0.6003423698268052
511,-1.0,0.5997420274569785
512,-1.0,0.5991422854295215
513,-1.0,0.598543143144092
514,-1.0,0.5979446000009478
515,-1.0,0.5973466554009469
516,-1.0,0.596749308745546
517,-1.0,0.5961525594368005
518,-1.0,0.5955564068773637
519,-1.0,0.5949608504704863
520,-1.0,0.5943658896200158
521,-1.0,0.5937715237303958
522,-1.0,0.5931777522066654
523,-1.0,0.5925845744544587
524,-1.0,0.5919919898800042
525,-1.0,0.5913999978901242
526,-1.0,0.590808597892234
527,-1.0,0.5902177892943418
528,-1.0,0.5896275715050474
529,-1.0,0.5890379439335424
530,-1.0,0.5884489059896089
531,-1.0,0.5878604570836192
532,-1.0,0.5872725966265356
533,-1.0,0.5866853240299091
534,-1.0,0.5860986387058792
535,-1.0,0.5855125400671733
536,-1.0,0.5849270275271061
537,-1.0,0.584342100499579
538,-1.0,0.5837577583990794
539,-1.0,0.5831740006406804
540,-1.0,0.5825908266400397
541,-1.0,0.5820082358133997
542,-1.0,0.5814262275775862
543,-1.0,0.5808448013500086
544,-1.0,0.5802639565486586
545,-1.0,0.57968369259211
546,-1.0,0.5791040088995179
547,-1.0,0.5785249048906184
548,-1.0,0.5779463799857277
549,-1.0,0.577368433605742
550,-1.0,0.5767910651721362
551,-1.0,0.576214274106964
552,-1.0,0.5756380598328571
553,-1.0,0.5750624217730242
554,-1.0,0.5744873593512512
555,-1.0,0.5739128719918999
556,-1.0,0.573338959119908
557,-1.0,0.572765620160788
558,-1.0,0.5721928545406272
559,-1.0,0.5716206616860866
560,-1.0,0.5710490410244006
561,-1.0,0.5704779919833761
562,-1.0,0.5699075139913927
563,-1.0,0.5693376064774013
564,-1.0,0.5687682688709239
565,-1.0,0.5681995006020529
566,-1.0,0.5676313011014509
567,-1.0,0.5670636698003494
568,-1.0,0.5664966061305491
569,-1.0,0.5659301095244186
570,-1.0,0.5653641794148941
571,-1.0,0.5647988152354793
572,-1.0,0.5642340164202437
573,-1.0,0.5636697824038235
574,-1.0,0.5631061126214196
575,-1.0,0.5625430065087982
576,-1.0,0.5619804635022894
577,-1.0,0.561418483038787
578,-1.0,0.5608570645557482
579,-1.0,0.5602962074911925
580,-1.0,0.5597359112837013
581,-1.0,0.5591761753724176
582,-1.0,0.5586169991970452
583,-1.0,0.5580583821978482
584,-1.0,0.5575003238156504
585,-1.0,0.5569428234918348
586,-1.0,0.5563858806683429
587,-1.0,0.5558294947876746
588,-1.0,0.5552736652928869
589,-1.0,0.5547183916275941
590,-1.0,0.5541636732359665
591,-1.0,0.5536095095627305
592,-1.0,0.5530559000531677
593,-1.0,0.5525028441531146
594,-1.0,0.5519503413089615
595,-1.0,0.5513983909676525
596,-1.0,0.5508469925766849
597,-1.0,0.5502961455841082
598,-1.0,0.5497458494385241
599,-1.0,0.5491961035890855
600,-1.0,0.5486469074854965
601,-1.0,0.548098260578011
602,-1.0,0.547550162317433
603,-1.0,0.5470026121551156
604,-1.0,0.5464556095429605
605,-1.0,0.5459091539334175
606,-1.0,0.5453632447794842
607,-1.0,0.5448178815347047
608,-1.0,0.54427306365317
609,-1.0,0.5437287905895168
610,-1.0,0.5431850617989273
611,-1.0,0.5426418767371284
612,-1.0,0.5420992348603912
613,-1.0,0.5415571356255309
614,-1.0,0.5410155784899053
615,-1.0,0.5404745629114154
616,-1.0,0.539934088348504
617,-1.0,0.5393941542601555
618,-1.0,0.5388547601058953
619,-1.0,0.5383159053457894
620,-1.0,0.5377775894404436
621,-1.0,0.5372398118510032
622,-1.0,0.5367025720391522
623,-1.0,0.536165869467113
624,-1.0,0.5356297035976458
625,-1.0,0.5350940738940482
626,-1.0,0.5345589798201541
627,-1.0,0.534024420840334
628,-1.0,0.5334903964194936
629,-1.0,0.5329569060230741
630,-1.0,0.532423949117051
631,-1.0,0.531891525167934
632,-1.0,0.5313596336427661
633,-1.0,0.5308282740091232
634,-1.0,0.5302974457351142
635,0.0,0.5297671482893791
636,-1.0,0.5292373811410898
637,-1.0,0.5287081437599487
638,-1.0,0.5281794356161887
639,-1.0,0.5276512561805725
640,0.0,0.5271236049243919
641,-1.0,0.5265964813194676
642,-1.0,0.5260698848381481
643,-1.0,0.5255438149533099
644,-1.0,0.5250182711383566
645,-1.0,0.5244932528672183
646,-1.0,0.5239687596143511
647,-1.0,0.5234447908547367
648,-1.0,0.522921346063882
649,-1.0,0.522398424717818
650,-1.0,0.5218760262931003
651,-1.0,0.5213541502668072
652,-1.0,0.5208327961165404
653,-1.0,0.5203119633204238
654,-1.0,0.5197916513571034
655,-1.0,0.5192718597057463
656,-1.0,0.5187525878460405
657,-1.0,0.5182338352581944
658,-1.0,0.5177156014229363
659,-1.0,0.5171978858215134
660,-1.0,0.5166806879356919
661,-1.0,0.5161640072477562
662,-1.0,0.5156478432405085
663,-1.0,0.515132195397268
664,-1.0,0.5146170632018707
665,-1.0,0.5141024461386688
666,-1.0,0.5135883436925301
667,-1.0,0.5130747553488376
668,-1.0,0.5125616805934888
669,-1.0,0.5120491189128954
670,-1.0,0.5115370697939825
671,-1.0,0.5110255327241885
672,-1.0,0.5105145071914643
673,-1.0,0.5100039926842729
674,-1.0,0.5094939886915886
675,-1.0,0.508984494702897
676,-1.0,0.508475510208194
677,-1.0,0.5079670346979859
678,-1.0,0.5074590676632879
679,-1.0,0.5069516085956246
680,-1.0,0.506444656987029
681,-1.0,0.505938212330042
682,-1.0,0.505432274117712
683,-1.0,0.5049268418435943
684,-1.0,0.5044219150017507
685,-1.0,0.5039174930867489
686,-1.0,0.5034135755936622
687,-1.0,0.5029101620180685
688,-1.0,0.5024072518560504
689,-1.0,0.5019048446041944
690,-1.0,0.5014029397595902
691,-1.0,0.5009015368198305
692,-1.0,0.5004006352830107
693,-1.0,0.4999002346477277
694,-1.0,0.49940033441307996
695,-1.0,0.49890093407866687
696,-1.0,0.4984020331445882
697,-1.0,0.4979036311114436
698,-1.0,0.4974057274803321
699,-1.0,0.49690832175285177
700,-1.0,0.4964114134310989
701,-1.0,0.4959150020176678
702,-1.0,0.49541908701565013
703,-1.0,0.49492366792863446
704,-1.0,0.4944287442607058
705,-1.0,0.4939343155164451
706,-1.0,0.4934403812009287
707,-1.0,0.4929469408197278
708,-1.0,0.49245399387890804
709,-1.0,0.4919615398850291
710,-1.0,0.4914695783451441
711,-1.0,0.4909781087667989
712,-1.0,0.4904871306580321
713,-1.0,0.4899966435273741
714,-1.0,0.4895066468838467
715,-1.0,0.48901714023696286
716,-1.0,0.4885281230967259
717,-1.0,0.48803959497362914
718,-1.0,0.4875515553786555
719,-1.0,0.48706400382327686
720,-1.0,0.4865769398194536
721,-1.0,0.48609036287963414
722,-1.0,0.48560427251675453
723,-1.0,0.48511866824423777
724,-1.0,0.4846335495759935
725,-1.0,0.4841489160264175
726,-1.0,0.4836647671103911
727,-1.0,0.4831811023432807
728,-1.0,0.4826979212409374
729,-1.0,0.48221522331969646
730,-1.0,0.48173300809637676
731,-1.0,0.48125127508828036
732,-1.0,0.48077002381319206
733,-1.0,0.48028925378937887
734,-1.0,0.47980896453558947
735,-1.0,0.4793291555710539
736,-1.0,0.47884982641548285
737,-1.0,0.47837097658906735
738,-1.0,0.47789260561247826
739,-1.0,0.4774147130068658
740,-1.0,0.4769372982938589
741,-1.0,0.47646036099556505
742,-1.0,0.47598390063456947
743,-1.0,0.4755079167339349
744,-1.0,0.47503240881720094
745,-1.0,0.47455737640838375
746,-1.0,0.47408281903197536
747,-1.0,0.47360873621294336
748,-1.0,0.4731351274767304
749,-1.0,0.4726619923492537
750,0.0,0.47218933035690447
751,-1.0,0.47171714102654755
752,-1.0,0.471245423885521
753,-1.0,0.47077417846163544
754,-1.0,0.4703034042831738
755,-1.0,0.46983310087889063
756,-1.0,0.46936326777801174
757,-1.0,0.4688939045102337
758,-1.0,0.4684250106057235
759,-1.0,0.46795658559511777
760,-1.0,0.46748862900952265
761,-1.0,0.4670211403805131
762,-1.0,0.4665541192401326
763,0.0,0.4660875651208925
764,-1.0,0.4656214775557716
765,-1.0,0.46515585607821586
766,-1.0,0.46469070022213765
767,-1.0,0.4642260095219155
768,-1.0,0.4637617835123936
769,-1.0,0.46329802172888124
770,-1.0,0.46283472370715234
771,-1.0,0.46237188898344517
772,-1.0,0.4619095170944617
773,-1.0,0.46144760757736725
774,-1.0,0.46098615996978987
775,-1.0,0.46052517380982005
776,-1.0,0.4600646486360102
777,-1.0,0.4596045839873742
778,-1.0,0.45914497940338683
779,-1.0,0.4586858344239834
780,-1.0,0.45822714858955943
781,-1.0,0.45776892144096987
782,-1.0,0.4573111525195289
783,-1.0,0.4568538413670094
784,-1.0,0.4563969875256424
785,-1.0,0.45594059053811675
786,-1.0,0.45548464994757865
787,-1.0,0.45502916529763104
788,-1.0,0.45457413613233344
789,-1.0,0.4541195619962011
790,-1.0,0.4536654424342049
791,-1.0,0.45321177699177073
792,-1.0,0.452758565214779
793,-1.0,0.4523058066495642
794,-1.0,0.45185350084291465
795,-1.0,0.4514016473420717
796,-1.0,0.45095024569472963
797,-1.0,0.4504992954490349
798,-1.0,0.45004879615358584
799,-1.0,0.44959874735743227
800,-1.0,0.4491491486100748
801,-1.0,0.44869999946146477
802,-1.0,0.4482512994620033
803,-1.0,0.4478030481625413
804,-1.0,0.44735524511437874
805,-1.0,0.4469078898692644
806,-1.0,0.4464609819793951
807,-1.0,0.44601452099741573
808,-1.0,0.4455685064764183
809,-1.0,0.4451229379699419
810,-1.0,0.44467781503197196
811,0.0,0.44423313721693997
812,-1.0,0.44378890407972305
813,-1.0,0.44334511517564335
814,-1.0,0.4429017700604677
815,-1.0,0.44245886829040726
816,-1.0,0.44201640942211684
817,-1.0,0.44157439301269474
818,-1.0,0.44113281861968207
819,-1.0,0.4406916858010624
820,-1.0,0.4402509941152613
821,-1.0,0.43981074312114604
822,-1.0,0.4393709323780249
823,-1.0,0.4389315614456469
824,-1.0,0.43849262988420123
825,-1.0,0.438054137254317
826,-1.0,0.4376160831170627
827,-1.0,0.43717846703394564
828,-1.0,0.4367412885669117
829,-1.0,0.4363045472783448
830,-1.0,0.43586824273106645
831,-1.0,0.4354323744883354
832,-1.0,0.43499694211384704
833,-1.0,0.4345619451717332
834,-1.0,0.43412738322656147
835,-1.0,0.4336932558433349
836,-1.0,0.43325956258749154
837,-1.0,0.43282630302490405
838,-1.0,0.43239347672187917
839,-1.0,0.4319610832451573
840,-1.0,0.43152912216191214
841,-1.0,0.4310975930397502
842,-1.0,0.43066649544671043
843,-1.0,0.4302358289512637
844,-1.0,0.4298055931223125
845,-1.0,0.42937578752919014
846,-1.0,0.4289464117416609
847,-1.0,0.42851746532991924
848,-1.0,0.42808894786458934
849,-1.0,0.42766085891672473
850,-1.0,0.427233198057808
851,-1.0,0.4268059648597502
852,-1.0,0.4263791588948904
853,-1.0,0.42595277973599555
854,-1.0,0.42552682695625954
855,-1.0,0.4251013001293033
856,-1.0,0.424676198829174
857,-1.0,0.4242515226303448
858,-1.0,0.42382727110771445
859,-1.0,0.4234034438366067
860,-1.0,0.4229800403927701
861,-1.0,0.42255706035237733
862,-1.0,0.42213450329202495
863,-1.0,0.4217123687887329
864,-1.0,0.4212906564199442
865,-1.0,0.42086936576352424
866,-1.0,0.4204484963977607
867,-1.0,0.42002804790136294
868,-1.0,0.4196080198534616
869,-1.0,0.4191884118336081
870,-1.0,0.41876922342177453
871,-1.0,0.41835045419835276
872,-1.0,0.4179321037441544
873,-1.0,0.41751417164041027
874,-1.0,0.41709665746876984
875,-1.0,0.4166795608113011
876,-1.0,0.41626288125048977
877,-1.0,0.41584661836923925
878,-1.0,0.41543077175087
879,-1.0,0.41501534097911913
880,-1.0,0.41460032563814003
881,-1.0,0.4141857253125019
882,-1.0,0.41377153958718943
883,-1.0,0.4133577680476022
884,-1.0,0.4129444102795546
885,-1.0,0.412531465869275
886,-1.0,0.41211893440340575
887,-1.0,0.41170681546900234
888,-1.0,0.41129510865353336
889,-1.0,0.41088381354487985
890,-1.0,0.410472929731335
891,-1.0,0.41006245680160364
892,-1.0,0.40965239434480205
893,-1.0,0.40924274195045723
894,-1.0,0.40883349920850676
895,-1.0,0.40842466570929825
896,-1.0,0.40801624104358897
897,-1.0,0.4076082248025454
898,-1.0,0.4072006165777428
899,-1.0,0.4067934159611651
900,-1.0,0.4063866225452039
901,-1.0,0.4059802359226587
902,-1.0,0.40557425568673605
903,-1.0,0.40516868143104934
904,-1.0,0.4047635127496183
905,-1.0,0.4043587492368687
906,-1.0,0.4039543904876318
907,-1.0,0.4035504360971442
908,-1.0,0.40314688566104706
909,-1.0,0.402743738775386
910,-1.0,0.4023409950366106
911,-1.0,0.401938654041574
912,-1.0,0.4015367153875324
913,-1.0,0.4011351786721449
914,-1.0,0.40073404349347275
915,-1.0,0.40033330944997925
916,-1.0,0.39993297614052925
917,-1.0,0.3995330431643887
918,-1.0,0.39913351012122433
919,-1.0,0.3987343766111031
920,-1.0,0.398335642234492
921,-1.0,0.3979373065922575
922,-1.0,0.39753936928566525
923,-1.0,0.3971418299163796
924,-1.0,0.3967446880864632
925,-1.0,0.3963479433983767
926,-1.0,0.3959515954549783
927,-1.0,0.39555564385952335
928,-1.0,0.39516008821566384
929,-1.0,0.3947649281274482
930,-1.0,0.3943701631993207
931,-1.0,0.3939757930361214
932,-1.0,0.3935818172430853
933,-1.0,0.3931882354258422
934,-1.0,0.39279504719041636
935,-1.0,0.39240225214322594
936,-1.0,0.39200984989108273
937,-1.0,0.39161784004119166
938,-1.0,0.39122622220115044
939,-1.0,0.3908349959789493
940,-1.0,0.3904441609829703
941,-1.0,0.3900537168219873
942,-1.0,0.3896636631051653
943,-1.0,0.38927399944206015
944,-1.0,0.3888847254426181
945,-1.0,0.38849584071717547
946,-1.0,0.3881073448764583
947,-1.0,0.3877192375315819
948,-1.0,0.3873315182940503
949,-1.0,0.38694418677575626
950,-1.0,0.3865572425889805
951,-1.0,0.38617068534639154
952,-1.0,0.38578451466104513
953,-1.0,0.3853987301463841
954,-1.0,0.3850133314162377
955,-1.0,0.3846283180848215
956,-1.0,0.3842436897667367
957,-1.0,0.3838594460769699
958,-1.0,0.38347558663089293
959,-1.0,0.38309211104426205
960,-1.0,0.3827090189332178
961,-1.0,0.38232630991428457
962,-1.0,0.38194398360437026
963,-1.0,0.3815620396207659
964,-1.0,0.38118047758114515
965,-1.0,0.380799297103564
966,-1.0,0.3804184978064605
967,-1.0,0.380038079308654
968,-1.0,0.3796580412293454
969,-1.0,0.379278383188116
970,-1.0,0.3788991048049279
971,-1.0,0.37852020570012296
972,-1.0,0.37814168549442284
973,-1.0,0.3777635438089284
974,-1.0,0.3773857802651195
975,-1.0,0.37700839448485435
976,-1.0,0.3766313860903695
977,-1.0,0.37625475470427916
978,-1.0,0.3758784999495749
979,-1.0,0.3755026214496253
980,-1.0,0.3751271188281757
981,-1.0,0.3747519917093475
982,-1.0,0.37437723971763814
983,-1.0,0.37400286247792053
984,-1.0,0.3736288596154426
985,-1.0,0.37325523075582717
986,-1.0,0.37288197552507135
987,-1.0,0.37250909354954626
988,-1.0,0.37213658445599673
989,-1.0,0.3717644478715407
990,-1.0,0.3713926834236692
991,-1.0,0.37102129074024554
992,-1.0,0.3706502694495053
993,-1.0,0.3702796191800558
994,-1.0,0.36990933956087574
995,-1.0,0.36953943022131486
996,-1.0,0.3691698907910935
997,-1.0,0.3688007209003024
998,-1.0,0.36843192017940213
999,-1.0,0.36806348825922275
1000,-1.0,0.3676954247709635
1001,-1.0,0.36732772934619257
1002,-1.0,0.3669604016168464
1003,-1.0,0.3665934412152296
1004,-1.0,0.3662268477740143
1005,-1.0,0.36586062092624033
1006,-1.0,0.3654947603053141
1007,-1.0,0.36512926554500874
1008,-1.0,0.36476413627946375
1009,-1.0,0.3643993721431843
1010,-1.0,0.36403497277104113
1011,-1.0,0.3636709377982701
1012,-1.0,0.3633072668604718
1013,-1.0,0.36294395959361136
1014,-1.0,0.36258101563401773
1015,-1.0,0.3622184346183837
1016,-1.0,0.36185621618376534
1017,-1.0,0.36149435996758156
1018,-1.0,0.361132865607614
1019,-1.0,0.36077173274200636
1020,-1.0,0.36041096100926434
1021,-1.0,0.3600505500482551
1022,-1.0,0.35969049949820686
1023,-1.0,0.3593308089987087
1024,-1.0,0.35897147818971
1025,-1.0,0.3586125067115203
1026,-1.0,0.35825389420480874
1027,-1.0,0.35789564031060395
1028,-1.0,0.35753774467029337
1029,-1.0,0.3571802069256231
1030,-1.0,0.3568230267186975
1031,-1.0,0.3564662036919788
1032,-1.0,0.35610973748828684
1033,-1.0,0.35575362775079855
1034,-1.0,0.35539787412304774
1035,-1.0,0.3550424762489247
1036,-1.0,0.3546874337726758
1037,-1.0,0.35433274633890316
1038,-1.0,0.35397841359256427
1039,-1.0,0.3536244351789717
1040,-1.0,0.35327081074379274
1041,-1.0,0.352917539933049
1042,-1.0,0.3525646223931159
1043,-1.0,0.3522120577707228
1044,-1.0,0.3518598457129521
1045,-1.0,0.35150798586723914
1046,-1.0,0.3511564778813719
1047,-1.0,0.3508053214034905
1048,-1.0,0.35045451608208705
1049,-1.0,0.350104061566005
1050,-1.0,0.349753957504439
1051,-1.0,0.3494042035469346
1052,-1.0,0.3490547993433876
1053,-1.0,0.34870574454404424
1054,-1.0,0.3483570387995002
1055,-1.0,0.3480086817607007
1056,-1.0,0.34766067307894
1057,-1.0,0.34731301240586104
1058,-1.0,0.3469656993934552
1059,-1.0,0.3466187336940617
1060,-1.0,0.34627211496036764
1061,-1.0,0.3459258428454073
1062,-1.0,0.34557991700256185
1063,-1.0,0.3452343370855593
1064,-1.0,0.34488910274847373
1065,-1.0,0.34454421364572524
1066,-1.0,0.3441996694320795
1067,-1.0,0.34385546976264747
1068,-1.0,0.34351161429288485
1069,-1.0,0.34316810267859194
1070,-1.0,0.34282493457591334
1071,-1.0,0.3424821096413374
1072,-1.0,0.3421396275316961
1073,-1.0,0.34179748790416437
1074,-1.0,0.3414556904162602
1075,-1.0,0.34111423472584396
1076,-1.0,0.34077312049111813
1077,-1.0,0.340432347370627
1078,-1.0,0.34009191502325636
1079,-1.0,0.3397518231082331
1080,-1.0,0.33941207128512485
1081,-1.0,0.3390726592138397
1082,-1.0,0.3387335865546259
1083,-1.0,0.33839485296807126
1084,-1.0,0.3380564581151032
1085,-1.0,0.33771840165698813
1086,-1.0,0.33738068325533116
1087,-1.0,0.3370433025720758
1088,-1.0,0.33670625926950376
1089,-1.0,0.33636955301023425
1090,-1.0,0.336033183457224
1091,-1.0,0.3356971502737668
1092,-1.0,0.335361453123493
1093,-1.0,0.3350260916703695
1094,-1.0,0.33469106557869915
1095,-1.0,0.33435637451312045
1096,-1.0,0.3340220181386073
1097,-1.0,0.33368799612046873
1098,-1.0,0.33335430812434824
1099,-1.0,0.3330209538162239
1100,-1.0,0.33268793286240766
1101,-1.0,0.33235524492954527
1102,-1.0,0.33202288968461574
1103,-1.0,0.33169086679493115
1104,-1.0,0.33135917592813624
1105,-1.0,0.3310278167522081
1106,-1.0,0.3306967889354559
1107,-1.0,0.33036609214652046
1108,-1.0,0.3300357260543739
1109,0.0,0.32970569032831953
1110,-1.0,0.3293759846379912
1111,-1.0,0.3290466086533532
1112,-1.0,0.3287175620446999
1113,-1.0,0.32838884448265515
1114,-1.0,0.3280604556381725
1115,-1.0,0.32773239518253433
1116,-1.0,0.3274046627873518
1117,-1.0,0.32707725812456445
1118,-1.0,0.32675018086643987
1119,-1.0,0.32642343068557345
1120,-1.0,0.3260970072548879
1121,-1.0,0.325770910247633
1122,-1.0,0.32544513933738534
1123,-1.0,0.3251196941980479
1124,-1.0,0.32479457450384985
1125,-1.0,0.324469779929346
1126,-1.0,0.32414531014941667
1127,-1.0,0.32382116483926726
1128,-1.0,0.323497343674428
1129,-1.0,0.3231738463307536
1130,-1.0,0.32285067248442284
1131,-1.0,0.3225278218119384
1132,-1.0,0.3222052939901265
1133,-1.0,0.32188308869613635
1134,-1.0,0.3215612056074402
1135,-1.0,0.3212396444018328
1136,-1.0,0.32091840475743094
1137,-1.0,0.3205974863526735
1138,-1.0,0.32027688886632083
1139,-1.0,0.3199566119774545
1140,-1.0,0.31963665536547703
1141,-1.0,0.31931701871011153
1142,-1.0,0.3189977016914014
1143,-1.0,0.31867870398971
1144,-1.0,0.31836002528572027
1145,-1.0,0.31804166526043454
1146,-1.0,0.3177236235951741
1147,-1.0,0.3174058999715789
1148,-1.0,0.31708849407160733
1149,-1.0,0.31677140557753575
1150,-1.0,0.31645463417195824
1151,-1.0,0.3161381795377863
1152,-1.0,0.3158220413582485
1153,-1.0,0.3155062193168902
1154,-1.0,0.31519071309757335
1155,-1.0,0.3148755223844758
1156,-1.0,0.31456064686209134
1157,-1.0,0.31424608621522926
1158,-1.0,0.31393184012901404
1159,-1.0,0.31361790828888503
1160,-1.0,0.31330429038059615
1161,-1.0,0.31299098609021553
1162,-1.0,0.3126779951041253
1163,-1.0,0.31236531710902116
1164,-1.0,0.3120529517919121
1165,-1.0,0.3117408988401202
1166,-1.0,0.31142915794128007
1167,-1.0,0.31111772878333877
1168,-1.0,0.3108066110545554
1169,-1.0,0.3104958044435009
1170,-1.0,0.3101853086390574
1171,-1.0,0.30987512333041833
1172,-1.0,0.3095652482070879
1173,-1.0,0.30925568295888084
1174,-1.0,0.308946427275922
1175,-1.0,0.30863748084864606
1176,-1.0,0.3083288433677974
1177,-1.0,0.30802051452442963
1178,-1.0,0.3077124940099052
1179,-1.0,0.3074047815158953
1180,-1.0,0.30709737673437937
1181,-1.0,0.30679027935764497
1182,-1.0,0.3064834890782873
1183,-1.0,0.306177005589209
1184,-1.0,0.3058708285836198
1185,-1.0,0.30556495775503617
1186,-1.0,0.30525939279728115
1187,-1.0,0.30495413340448385
1188,-1.0,0.3046491792710794
1189,-1.0,0.3043445300918083
1190,-1.0,0.30404018556171647
1191,-1.0,0.30373614537615473
1192,-1.0,0.3034324092307786
1193,-1.0,0.3031289768215478
1194,-1.0,0.30282584784472627
1195,-1.0,0.3025230219968815
1196,-1.0,0.3022204989748846
1197,-1.0,0.30191827847590974
1198,-1.0,0.3016163601974338
1199,-1.0,0.3013147438372364
1200,-1.0,0.3010134290933992
1201,-1.0,0.3007124156643058
1202,-1.0,0.30041170324864147
1203,-1.0,0.30011129154539284
1204,-1.0,0.29981118025384745
1205,-1.0,0.2995113690735936
1206,-1.0,0.29921185770452
1207,-1.0,0.2989126458468155
1208,-1.0,0.2986137332009687
1209,-1.0,0.29831511946776773
1210,-1.0,0.29801680434829997
1211,-1.0,0.29771878754395165
1212,-1.0,0.29742106875640767
1213,-1.0,0.29712364768765126
1214,-1.0,0.2968265240399636
1215,-1.0,0.2965296975159237
1216,-1.0,0.29623316781840775
1217,-1.0,0.29593693465058934
1218,-1.0,0.29564099771593877
1219,-1.0,0.2953453567182228
1220,-1.0,0.2950500113615046
1221,-1.0,0.2947549613501431
1222,-1.0,0.294460206388793
1223,-1.0,0.2941657461824042
1224,-1.0,0.2938715804362218
1225,-1.0,0.2935777088557856
1226,-1.0,0.2932841311469298
1227,-1.0,0.2929908470157829
1228,-1.0,0.2926978561687671
1229,-1.0,0.29240515831259833
1230,-1.0,0.29211275315428575
1231,-1.0,0.2918206404011315
1232,-1.0,0.29152881976073036
1233,-1.0,0.2912372909409696
1234,-1.0,0.2909460536500286
1235,-1.0,0.2906551075963786
1236,-1.0,0.2903644524887822
1237,-1.0,0.2900740880362934
1238,-1.0,0.28978401394825715
1239,0.0,0.2894942299343089
1240,-1.0,0.2892047357043746
1241,-1.0,0.28891553096867023
1242,-1.0,0.2886266154377016
1243,-1.0,0.28833798882226386
1244,-1.0,0.2880496508334416
1245,-1.0,0.28776160118260813
1246,-1.0,0.2874738395814255
1247,-1.0,0.2871863657418441
1248,-1.0,0.28689917937610226
1249,-1.0,0.2866122801967262
1250,-1.0,0.28632566791652947
1251,-1.0,0.28603934224861294
1252,-1.0,0.2857533029063643
1253,-1.0,0.28546754960345794
1254,-1.0,0.2851820820538545
1255,-1.0,0.2848968999718006
1256,-1.0,0.2846120030718288
1257,-1.0,0.284327391068757
1258,-1.0,0.2840430636776882
1259,-1.0,0.28375902061401054
1260,-1.0,0.28347526159339653
1261,-1.0,0.28319178633180314
1262,-1.0,0.28290859454547135
1263,-1.0,0.28262568595092585
1264,-1.0,0.2823430602649749
1265,-1.0,0.28206071720470993
1266,-1.0,0.2817786564875052
1267,-1.0,0.28149687783101773
1268,-1.0,0.2812153809531867
1269,-1.0,0.28093416557223355
1270,-1.0,0.2806532314066613
1271,-1.0,0.2803725781752547
1272,-1.0,0.2800922055970794
1273,-1.0,0.2798121133914823
1274,-1.0,0.2795323012780908
1275,-1.0,0.2792527689768127
1276,-1.0,0.2789735162078359
1277,-1.0,0.2786945426916281
1278,-1.0,0.27841584814893644
1279,-1.0,0.2781374323007875
1280,-1.0,0.27785929486848676
1281,-1.0,0.27758143557361825
1282,-1.0,0.27730385413804465
1283,-1.0,0.2770265502839066
1284,-1.0,0.2767495237336227
1285,-1.0,0.2764727742098891
1286,-1.0,0.2761963014356792
1287,-1.0,0.27592010513424353
1288,-1.0,0.2756441850291093
1289,-1.0,0.2753685408440802
1290,-1.0,0.2750931723032361
1291,-1.0,0.27481807913093287
1292,-1.0,0.27454326105180193
1293,-1.0,0.2742687177907501
1294,-1.0,0.2739944490729594
1295,-1.0,0.27372045462388644
1296,-1.0,0.2734467341692626
1297,-1.0,0.27317328743509334
1298,-1.0,0.27290011414765825
1299,-1.0,0.2726272140335106
1300,-1.0,0.27235458681947705
1301,-1.0,0.2720822322326576
1302,-1.0,0.2718101500004249
1303,-1.0,0.27153833985042447
1304,-1.0,0.27126680151057403
1305,-1.0,0.27099553470906346
1306,-1.0,0.2707245391743544
1307,-1.0,0.27045381463518003
1308,-1.0,0.27018336082054484
1309,-1.0,0.2699131774597243
1310,-1.0,0.2696432642822646
1311,-1.0,0.26937362101798235
1312,-1.0,0.26910424739696437
1313,-1.0,0.2688351431495674
1314,-1.0,0.26856630800641784
1315,-1.0,0.2682977416984114
1316,-1.0,0.268029443956713
1317,-1.0,0.2677614145127563
1318,-1.0,0.2674936530982436
1319,-1.0,0.26722615944514533
1320,-1.0,0.2669589332857002
1321,-1.0,0.2666919743524145
1322,-1.0,0.26642528237806207
1323,-1.0,0.266158857095684
1324,-1.0,0.2658926982385883
1325,-1.0,0.26562680554034973
1326,-1.0,0.26536117873480936
1327,-1.0,0.26509581755607453
1328,-1.0,0.26483072173851846
1329,-1.0,0.26456589101677996
1330,-1.0,0.2643013251257632
1331,-1.0,0.2640370238006374
1332,-1.0,0.2637729867768368
1333,-1.0,0.26350921379006
1334,-1.0,0.26324570457626995
1335,-1.0,0.2629824588716937
1336,-1.0,0.262719476412822
1337,-1.0,0.2624567569364092
1338,-1.0,0.26219430017947276
1339,-1.0,0.2619321058792933
1340,-1.0,0.261670173773414
1341,-1.0,0.2614085035996406
1342,-1.0,0.26114709509604095
1343,-1.0,0.2608859480009449
1344,-1.0,0.26062506205294395
1345,-1.0,0.260364436990891
1346,-1.0,0.2601040725539001
1347,-1.0,0.2598439684813462
1348,-1.0,0.2595841245128649
1349,-1.0,0.259324540388352
1350,-1.0,0.25906521584796366
1351,-1.0,0.2588061506321157
1352,-1.0,0.2585473444814836
1353,-1.0,0.2582887971370021
1354,-1.0,0.2580305083398651
1355,-1.0,0.2577724778315252
1356,-1.0,0.25751470535369364
1357,-1.0,0.25725719064833996
1358,-1.0,0.2569999334576916
1359,-1.0,0.25674293352423394
1360,-1.0,0.2564861905907097
1361,-1.0,0.256229704400119
1362,-1.0,0.25597347469571885
1363,-1.0,0.25571750122102316
1364,-1.0,0.25546178371980216
1365,-1.0,0.25520632193608234
1366,-1.0,0.25495111561414624
1367,-1.0,0.2546961644985321
1368,-1.0,0.2544414683340336
1369,-1.0,0.25418702686569955
1370,-1.0,0.25393283983883386
1371,-1.0,0.25367890699899504
1372,-1.0,0.253425228091996
1373,-1.0,0.253171802863904
1374,-1.0,0.2529186310610401
1375,-1.0,0.2526657124299791
1376,-1.0,0.2524130467175491
1377,-1.0,0.2521606336708316
1378,-1.0,0.25190847303716074
1379,-1.0,0.25165656456412355
1380,-1.0,0.25140490799955945
1381,-1.0,0.25115350309155987
1382,-1.0,0.2509023495884683
1383,-1.0,0.25065144723887983
1384,-1.0,0.25040079579164093
1385,-1.0,0.2501503949958493
1386,-1.0,0.24990024460085344
1387,-1.0,0.24965034435625258
1388,-1.0,0.24940069401189632
1389,-1.0,0.24915129331788444
1390,-1.0,0.24890214202456656
1391,-1.0,0.248653239882542
1392,-1.0,0.24840458664265946
1393,-1.0,0.2481561820560168
1394,-1.0,0.2479080258739608
1395,-1.0,0.24766011784808684
1396,-1.0,0.24741245773023876
1397,-1.0,0.24716504527250852
1398,-1.0,0.24691788022723601
1399,-1.0,0.24667096234700878
1400,-1.0,0.24642429138466176
1401,-1.0,0.2461778670932771
1402,-1.0,0.24593168922618383
1403,-1.0,0.24568575753695765
1404,-1.0,0.2454400717794207
1405,-1.0,0.24519463170764128
1406,-1.0,0.24494943707593364
1407,-1.0,0.24470448763885772
1408,-1.0,0.24445978315121886
1409,-1.0,0.24421532336806764
1410,-1.0,0.24397110804469957
1411,-1.0,0.24372713693665488
1412,-1.0,0.24348340979971822
1413,-1.0,0.2432399263899185
1414,-1.0,0.2429966864635286
1415,-1.0,0.24275368977706507
1416,-1.0,0.24251093608728802
1417,-1.0,0.24226842515120073
1418,-1.0,0.24202615672604952
1419,-1.0,0.24178413056932346
1420,-1.0,0.24154234643875414
1421,-1.0,0.24130080409231539
1422,-1.0,0.24105950328822306
1423,-1.0,0.24081844378493483
1424,-1.0,0.2405776253411499
1425,-1.0,0.24033704771580874
1426,-1.0,0.24009671066809293
1427,-1.0,0.23985661395742483
1428,-1.0,0.2396167573434674
1429,-1.0,0.23937714058612394
1430,-1.0,0.23913776344553783
1431,-1.0,0.2388986256820923
1432,-1.0,0.2386597270564102
1433,-1.0,0.23842106732935378
1434,-1.0,0.23818264626202443
1435,-1.0,0.2379444636157624
1436,-1.0,0.23770651915214663
1437,-1.0,0.2374688126329945
1438,-1.0,0.23723134382036148
1439,-1.0,0.23699411247654112
1440,-1.0,0.23675711836406457
1441,-1.0,0.2365203612457005
1442,-1.0,0.2362838408844548
1443,-1.0,0.23604755704357036
1444,-1.0,0.2358115094865268
1445,-1.0,0.23557569797704025
1446,-1.0,0.2353401222790632
1447,-1.0,0.23510478215678413
1448,-1.0,0.23486967737462733
1449,-1.0,0.2346348076972527
1450,-1.0,0.23440017288955545
1451,-1.0,0.2341657727166659
1452,-1.0,0.2339316069439492
1453,-1.0,0.23369767533700525
1454,-1.0,0.23346397766166824
1455,0.0,0.23323051368400657
1456,-1.0,0.23299728317032256
1457,-1.0,0.23276428588715223
1458,-1.0,0.23253152160126508
1459,-1.0,0.23229899007966381
1460,-1.0,0.23206669108958414
1461,-1.0,0.23183462439849456
1462,-1.0,0.23160278977409607
1463,-1.0,0.23137118698432196
1464,-1.0,0.23113981579733764
1465,-1.0,0.2309086759815403
1466,-1.0,0.23067776730555875
1467,-1.0,0.23044708953825319
1468,-1.0,0.23021664244871493
1469,-1.0,0.22998642580626621
1470,-1.0,0.22975643938045995
1471,-1.0,0.2295266829410795
1472,-1.0,0.22929715625813843
1473,-1.0,0.2290678591018803
1474,-1.0,0.22883879124277842
1475,-1.0,0.22860995245153565
1476,-1.0,0.22838134249908412
1477,-1.0,0.22815296115658504
1478,-1.0,0.22792480819542846
1479,-1.0,0.22769688338723304
1480,-1.0,0.22746918650384582
1481,-1.0,0.22724171731734197
1482,-1.0,0.22701447560002463
1483,-1.0,0.2267874611244246
1484,-1.0,0.22656067366330018
1485,-1.0,0.22633411298963688
1486,-1.0,0.22610777887664724
1487,-1.0,0.22588167109777058
1488,-1.0,0.2256557894266728
1489,-1.0,0.22543013363724612
1490,-1.0,0.22520470350360888
1491,-1.0,0.2249794988001053
1492,-1.0,0.2247545193013052
1493,-1.0,0.22452976478200387
1494,-1.0,0.22430523501722185
1495,-1.0,0.22408092978220462
1496,-1.0,0.2238568488524224
1497,-1.0,0.22363299200356998
1498,-1.0,0.22340935901156642
1499,-1.0,0.22318594965255484
1500,-1.0,0.22296276370290227
1501,-1.0,0.22273980093919937
1502,-1.0,0.22251706113826017
1503,-1.0,0.2222945440771219
1504,0.0,0.22207224953304477
1505,-1.0,0.22185017728351172
1506,-1.0,0.2216283271062282
1507,-1.0,0.22140669877912197
1508,-1.0,0.22118529208034285
1509,-1.0,0.2209641067882625
1510,-1.0,0.22074314268147424
1511,-1.0,0.22052239953879277
1512,-1.0,0.22030187713925398
1513,-1.0,0.22008157526211472
1514,-1.0,0.2198614936868526
1515,-1.0,0.21964163219316574
1516,-1.0,0.21942199056097256
1517,-1.0,0.2192025685704116
1518,-1.0,0.21898336600184118
1519,-1.0,0.21876438263583933
1520,-1.0,0.21854561825320348
1521,-1.0,0.21832707263495027
1522,-1.0,0.21810874556231533
1523,-1.0,0.217890636816753
1524,-1.0,0.21767274617993623
1525,-1.0,0.2174550734337563
1526,-1.0,0.21723761836032254
1527,-1.0,0.21702038074196223
1528,-1.0,0.21680336036122028
1529,-1.0,0.21658655700085905
1530,-1.0,0.2163699704438582
1531,-1.0,0.21615360047341434
1532,-1.0,0.21593744687294092
1533,-1.0,0.21572150942606796
1534,-1.0,0.2155057879166419
1535,-1.0,0.21529028212872525
1536,-1.0,0.21507499184659654
1537,-1.0,0.21485991685474995
1538,-1.0,0.2146450569378952
1539,-1.0,0.21443041188095732
1540,-1.0,0.21421598146907636
1541,-1.0,0.21400176548760727
1542,-1.0,0.21378776372211966
1543,-1.0,0.21357397595839755
1544,-1.0,0.21336040198243916
1545,-1.0,0.21314704158045672
1546,-1.0,0.21293389453887626
1547,-1.0,0.21272096064433738
1548,-1.0,0.21250823968369303
1549,-1.0,0.21229573144400934
1550,-1.0,0.21208343571256533
1551,-1.0,0.21187135227685275
1552,-1.0,0.2116594809245759
1553,-1.0,0.21144782144365132
1554,-1.0,0.21123637362220768
1555,-1.0,0.21102513724858546
1556,-1.0,0.21081411211133688
1557,-1.0,0.21060329799922556
1558,-1.0,0.21039269470122635
1559,-1.0,0.21018230200652513
1560,-1.0,0.2099721197045186
1561,-1.0,0.20976214758481407
1562,-1.0,0.20955238543722926
1563,-1.0,0.20934283305179202
1564,-1.0,0.20913349021874023
1565,-1.0,0.2089243567285215
1566,-1.0,0.20871543237179296
1567,-1.0,0.20850671693942116
1568,-1.0,0.20829821022248174
1569,-1.0,0.20808991201225926
1570,-1.0,0.207881822100247
1571,-1.0,0.20767394027814676
1572,-1.0,0.2074662663378686
1573,-1.0,0.20725880007153075
1574,-1.0,0.20705154127145922
1575,-1.0,0.20684448973018776
1576,-1.0,0.20663764524045758
1577,-1.0,0.20643100759521713
1578,-1.0,0.20622457658762192
1579,-1.0,0.2060183520110343
1580,-1.0,0.20581233365902327
1581,-1.0,0.20560652132536425
1582,-1.0,0.20540091480403888
1583,-1.0,0.20519551388923485
1584,-1.0,0.20499031837534562
1585,-1.0,0.20478532805697028
1586,-1.0,0.2045805427289133
1587,-1.0,0.20437596218618437
1588,-1.0,0.2041715862239982
1589,-1.0,0.2039674146377742
1590,-1.0,0.20376344722313644
1591,-1.0,0.2035596837759133
1592,-1.0,0.20335612409213738
1593,-1.0,0.20315276796804524
1594,-1.0,0.2029496152000772
1595,-1.0,0.20274666558487714
1596,-1.0,0.20254391891929227
1597,-1.0,0.20234137500037297
1598,-1.0,0.20213903362537258
1599,-1.0,0.2019368945917472
1600,-1.0,0.20173495769715546
1601,-1.0,0.2015332227394583
1602,-1.0,0.20133168951671884
1603,-1.0,0.20113035782720212
1604,-1.0,0.20092922746937492
1605,-1.0,0.20072829824190555
1606,-1.0,0.20052756994366364
1607,-1.0,0.20032704237371998
1608,-1.0,0.20012671533134627
1609,-1.0,0.19992658861601492
1610,-1.0,0.19972666202739892
1611,-1.0,0.19952693536537153
1612,-1.0,0.19932740843000615
1613,-1.0,0.19912808102157614
1614,-1.0,0.19892895294055457
1615,-1.0,0.19873002398761402
1616,-1.0,0.1985312939636264
1617,-1.0,0.19833276266966277
1618,-1.0,0.1981344299069931
1619,-1.0,0.1979362954770861
1620,-1.0,0.197738359181609
1621,-1.0,0.1975406208224274
1622,-1.0,0.197343080201605
1623,-1.0,0.19714573712140337
1624,-1.0,0.19694859138428197
1625,-1.0,0.1967516427928977
1626,-1.0,0.1965548911501048
1627,-1.0,0.19635833625895469
1628,-1.0,0.19616197792269574
1629,-1.0,0.19596581594477305
1630,-1.0,0.19576985012882828
1631,-1.0,0.19557408027869944
1632,-1.0,0.19537850619842073
1633,-1.0,0.19518312769222232
1634,-1.0,0.19498794456453009
1635,-1.0,0.19479295661996557
1636,-1.0,0.1945981636633456
1637,-1.0,0.19440356549968224
1638,-1.0,0.19420916193418256
1639,-1.0,0.19401495277224837
1640,-1.0,0.19382093781947612
1641,-1.0,0.19362711688165665
1642,-1.0,0.193433489764775
1643,-1.0,0.19324005627501023
1644,-1.0,0.1930468162187352
1645,-1.0,0.19285376940251647
1646,-1.0,0.19266091563311397
1647,-1.0,0.19246825471748086
1648,-1.0,0.1922757864627634
1649,-1.0,0.1920835106763006
1650,-1.0,0.19189142716562432
1651,-1.0,0.1916995357384587
1652,-1.0,0.19150783620272022
1653,-1.0,0.1913163283665175
1654,-1.0,0.19112501203815097
1655,-1.0,0.1909338870261128
1656,-1.0,0.19074295313908668
1657,-1.0,0.1905522101859476
1658,-1.0,0.19036165797576166
1659,-1.0,0.1901712963177859
1660,-1.0,0.1899811250214681
1661,-1.0,0.18979114389644663
1662,-1.0,0.1896013527525502
1663,-1.0,0.18941175139979763
1664,-1.0,0.18922233964839782
1665,-1.0,0.18903311730874942
1666,-1.0,0.18884408419144066
1667,-1.0,0.1886552401072492
1668,-1.0,0.18846658486714196
1669,-1.0,0.1882781182822748
1670,-1.0,0.18808984016399252
1671,-1.0,0.18790175032382853
1672,-1.0,0.1877138485735047
1673,-1.0,0.1875261347249312
1674,-1.0,0.1873386085902063
1675,-1.0,0.18715126998161608
1676,-1.0,0.18696411871163446
1677,-1.0,0.18677715459292282
1678,-1.0,0.1865903774383299
1679,-1.0,0.18640378706089158
1680,-1.0,0.1862173832738307
1681,-1.0,0.18603116589055688
1682,-1.0,0.18584513472466632
1683,-1.0,0.18565928958994166
1684,-1.0,0.18547363030035172
1685,-1.0,0.18528815667005136
1686,-1.0,0.1851028685133813
1687,-1.0,0.18491776564486792
1688,-1.0,0.18473284787922306
1689,-1.0,0.18454811503134383
1690,-1.0,0.18436356691631248
1691,-1.0,0.18417920334939616
1692,-1.0,0.18399502414604677
1693,-1.0,0.18381102912190073
1694,-1.0,0.18362721809277882
1695,-1.0,0.18344359087468604
1696,-1.0,0.18326014728381135
1697,-1.0,0.18307688713652753
1698,-1.0,0.182893810249391
1699,-1.0,0.1827109164391416
1700,-1.0,0.18252820552270246
1701,-1.0,0.18234567731717977
1702,-1.0,0.1821633316398626
1703,-1.0,0.18198116830822272
1704,-1.0,0.1817991871399145
1705,-1.0,0.18161738795277457
1706,-1.0,0.1814357705648218
1707,-1.0,0.18125433479425698
1708,-1.0,0.18107308045946272
1709,-1.0,0.18089200737900324
1710,-1.0,0.18071111537162424
1711,-1.0,0.1805304042562526
1712,-1.0,0.18034987385199636
1713,-1.0,0.18016952397814437
1714,-1.0,0.17998935445416622
1715,-1.0,0.17980936509971204
1716,-1.0,0.17962955573461234
1717,-1.0,0.17944992617887773
1718,-1.0,0.17927047625269885
1719,-1.0,0.17909120577644616
1720,-1.0,0.17891211457066972
1721,-1.0,0.17873320245609906
1722,-1.0,0.17855446925364296
1723,-1.0,0.17837591478438933
1724,-1.0,0.17819753886960493
1725,-1.0,0.17801934133073533
1726,-1.0,0.17784132198940458
1727,-1.0,0.1776634806674152
1728,-1.0,0.17748581718674777
1729,-1.0,0.17730833136956103
1730,-1.0,0.17713102303819148
1731,-1.0,0.1769538920151533
1732,-1.0,0.17677693812313813
1733,-1.0,0.17660016118501498
1734,-1.0,0.17642356102382997
1735,-1.0,0.17624713746280615
1736,-1.0,0.17607089032534334
1737,-1.0,0.175894819435018
1738,-1.0,0.17571892461558297
1739,-1.0,0.1755432056909674
1740,-1.0,0.17536766248527644
1741,-1.0,0.17519229482279117
1742,-1.0,0.17501710252796837
1743,-1.0,0.1748420854254404
1744,-1.0,0.17466724334001496
1745,-1.0,0.17449257609667496
1746,-1.0,0.1743180835205783
1747,-1.0,0.1741437654370577
1748,-1.0,0.17396962167162064
1749,-1.0,0.173795652049949
1750,-1.0,0.17362185639789907
1751,0.0,0.17344823454150116
1752,-1.0,0.17327478630695967
1753,-1.0,0.1731015115206527
1754,-1.0,0.17292841000913206
1755,-1.0,0.17275548159912293
1756,-1.0,0.17258272611752382
1757,-1.0,0.17241014339140628
1758,-1.0,0.1722377332480149
1759,-1.0,0.17206549551476688
1760,-1.0,0.1718934300192521
1761,-1.0,0.17172153658923286
1762,-1.0,0.17154981505264363
1763,-1.0,0.17137826523759098
1764,-1.0,0.1712068869723534
1765,-1.0,0.17103568008538103
1766,-1.0,0.17086464440529564
1767,-1.0,0.17069377976089034
1768,-1.0,0.17052308598112945
1769,-1.0,0.17035256289514833
1770,-1.0,0.17018221033225317
1771,-1.0,0.17001202812192093
1772,-1.0,0.169842016093799
1773,-1.0,0.1696721740777052
1774,-1.0,0.1695025019036275
1775,-1.0,0.1693329994017239
1776,-1.0,0.16916366640232217
1777,-1.0,0.16899450273591984
1778,-1.0,0.16882550823318393
1779,-1.0,0.16865668272495074
1780,-1.0,0.1684880260422258
1781,-1.0,0.16831953801618357
1782,-1.0,0.16815121847816739
1783,-1.0,0.16798306725968923
1784,-1.0,0.16781508419242955
1785,-1.0,0.16764726910823713
1786,-1.0,0.1674796218391289
1787,-1.0,0.16731214221728977
1788,-1.0,0.16714483007507247
1789,-1.0,0.1669776852449974
1790,-1.0,0.1668107075597524
1791,-1.0,0.16664389685219266
1792,-1.0,0.16647725295534047
1793,-1.0,0.16631077570238512
1794,-1.0,0.16614446492668272
1795,-1.0,0.16597832046175603
1796,-1.0,0.16581234214129428
1797,-1.0,0.16564652979915298
1798,-1.0,0.16548088326935384
1799,-1.0,0.1653154023860845
1800,-1.0,0.1651500869836984
1801,-1.0,0.1649849368967147
1802,-1.0,0.164819951959818
1803,-1.0,0.16465513200785817
1804,-1.0,0.1644904768758503
1805,-1.0,0.16432598639897444
1806,-1.0,0.16416166041257546
1807,-1.0,0.16399749875216288
1808,-1.0,0.16383350125341073
1809,-1.0,0.16366966775215733
1810,-1.0,0.16350599808440516
1811,-1.0,0.16334249208632076
1812,-1.0,0.16317914959423443
1813,-1.0,0.1630159704446402
1814,-1.0,0.16285295447419557
1815,-1.0,0.16269010151972138
1816,-1.0,0.16252741141820165
1817,-1.0,0.16236488400678345
1818,-1.0,0.16220251912277667
1819,-1.0,0.1620403166036539
1820,-1.0,0.16187827628705023
1821,-1.0,0.16171639801076318
1822,-1.0,0.1615546816127524
1823,-1.0,0.16139312693113966
1824,-1.0,0.16123173380420852
1825,-1.0,0.16107050207040433
1826,-1.0,0.16090943156833393
1827,-1.0,0.1607485221367656
1828,-1.0,0.16058777361462884
1829,-1.0,0.1604271858410142
1830,-1.0,0.16026675865517317
1831,-1.0,0.160106491896518
1832,-1.0,0.15994638540462147
1833,-1.0,0.15978643901921685
1834,-1.0,0.15962665258019765
1835,-1.0,0.15946702592761744
1836,-1.0,0.15930755890168982
1837,-1.0,0.15914825134278812
1838,-1.0,0.15898910309144534
1839,-1.0,0.1588301139883539
1840,-1.0,0.15867128387436555
1841,-1.0,0.15851261259049118
1842,-1.0,0.1583540999779007
1843,-1.0,0.1581957458779228
1844,-1.0,0.15803755013204487
1845,-1.0,0.15787951258191282
1846,0.0,0.1577216330693309
1847,-1.0,0.15756391143626158
1848,-1.0,0.15740634752482532
1849,-1.0,0.1572489411773005
1850,-1.0,0.1570916922361232
1851,-1.0,0.15693460054388708
1852,-1.0,0.1567776659433432
1853,-1.0,0.15662088827739984
1854,-1.0,0.15646426738912245
1855,-1.0,0.1563078031217333
1856,-1.0,0.15615149531861158
1857,0.0,0.15599534382329297
1858,-1.0,0.15583934847946967
1859,-1.0,0.15568350913099022
1860,-1.0,0.15552782562185924
1861,-1.0,0.15537229779623737
1862,-1.0,0.15521692549844113
1863,-1.0,0.15506170857294269
1864,-1.0,0.15490664686436975
1865,-1.0,0.15475174021750537
1866,-1.0,0.15459698847728787
1867,-1.0,0.1544423914888106
1868,-1.0,0.15428794909732177
1869,-1.0,0.15413366114822444
1870,-1.0,0.15397952748707622
1871,-1.0,0.15382554795958914
1872,-1.0,0.15367172241162955
1873,-1.0,0.15351805068921792
1874,-1.0,0.1533645326385287
1875,-1.0,0.15321116810589017
1876,-1.0,0.1530579569377843
1877,-1.0,0.1529048989808465
1878,-1.0,0.15275199408186566
1879,-1.0,0.15259924208778378
1880,-1.0,0.15244664284569598
1881,-1.0,0.15229419620285028
1882,-1.0,0.15214190200664743
1883,-1.0,0.15198976010464077
1884,-1.0,0.15183777034453613
1885,-1.0,0.1516859325741916
1886,-1.0,0.1515342466416174
1887,-1.0,0.1513827123949758
1888,-1.0,0.15123132968258082
1889,-1.0,0.15108009835289823
1890,-1.0,0.15092901825454533
1891,-1.0,0.15077808923629077
1892,-1.0,0.15062731114705447
1893,-1.0,0.1504766838359074
1894,-1.0,0.15032620715207148
1895,-1.0,0.1501758809449194
1896,-1.0,0.15002570506397447
1897,-1.0,0.1498756793589105
1898,-1.0,0.14972580367955157
1899,-1.0,0.14957607787587202
1900,-1.0,0.14942650179799613
1901,-1.0,0.14927707529619813
1902,-1.0,0.14912779822090194
1903,-1.0,0.14897867042268104
1904,-1.0,0.14882969175225835
1905,-1.0,0.1486808620605061
1906,-1.0,0.14853218119844558
1907,-1.0,0.14838364901724713
1908,-1.0,0.14823526536822987
1909,-1.0,0.14808703010286164
1910,-1.0,0.1479389430727588
1911,-1.0,0.14779100412968604
1912,-1.0,0.14764321312555637
1913,-1.0,0.14749556991243082
1914,-1.0,0.1473480743425184
1915,-1.0,0.14720072626817587
1916,-1.0,0.1470535255419077
1917,-1.0,0.1469064720163658
1918,-1.0,0.14675956554434944
1919,-1.0,0.14661280597880508
1920,-1.0,0.14646619317282628
1921,-1.0,0.14631972697965345
1922,-1.0,0.1461734072526738
1923,-1.0,0.14602723384542113
1924,-1.0,0.14588120661157572
1925,-1.0,0.14573532540496414
1926,-1.0,0.14558959007955918
1927,-1.0,0.1454440004894796
1928,-1.0,0.14529855648899012
1929,-1.0,0.14515325793250114
1930,-1.0,0.14500810467456865
1931,-1.0,0.14486309656989407
1932,-1.0,0.1447182334733242
1933,-1.0,0.14457351523985087
1934,-1.0,0.14442894172461102
1935,-1.0,0.1442845127828864
1936,-1.0,0.1441402282701035
1937,-1.0,0.1439960880418334
1938,-1.0,0.14385209195379156
1939,-1.0,0.14370823986183776
1940,-1.0,0.1435645316219759
1941,-1.0,0.14342096709035393
1942,-1.0,0.14327754612326357
1943,-1.0,0.14313426857714032
1944,-1.0,0.14299113430856317
1945,-1.0,0.1428481431742546
1946,-1.0,0.14270529503108034
1947,-1.0,0.14256258973604927
1948,-1.0,0.14242002714631322
1949,0.0,0.1422776071191669
1950,-1.0,0.14213532951204774
1951,-1.0,0.1419931941825357
1952,-1.0,0.14185120098835316
1953,-1.0,0.1417093497873648
1954,-1.0,0.14156764043757744
1955,-1.0,0.14142607279713987
1956,-1.0,0.14128464672434274
1957,-1.0,0.1411433620776184
1958,-1.0,0.14100221871554078
1959,-1.0,0.14086121649682523
1960,-1.0,0.14072035528032842
1961,-1.0,0.1405796349250481
1962,-1.0,0.14043905529012304
1963,-1.0,0.14029861623483292
1964,-1.0,0.1401583176185981
1965,-1.0,0.1400181593009795
1966,-1.0,0.1398781411416785
1967,-1.0,0.13973826300053682
1968,-1.0,0.13959852473753628
1969,-1.0,0.13945892621279873
1970,-1.0,0.13931946728658592
1971,-1.0,0.13918014781929933
1972,-1.0,0.13904096767148003
1973,-1.0,0.13890192670380855
1974,-1.0,0.13876302477710473
1975,-1.0,0.13862426175232762
1976,-1.0,0.1384856374905753
1977,-1.0,0.13834715185308472
1978,-1.0,0.13820880470123162
1979,-1.0,0.1380705958965304
1980,-1.0,0.13793252530063388
1981,-1.0,0.13779459277533324
1982,-1.0,0.1376567981825579
1983,-1.0,0.13751914138437535
1984,-1.0,0.13738162224299097
1985,-1.0,0.13724424062074797
1986,-1.0,0.13710699638012722
1987,-1.0,0.1369698893837471
1988,-1.0,0.13683291949436335
1989,-1.0,0.13669608657486898
1990,-1.0,0.1365593904882941
1991,-1.0,0.1364228310978058
1992,-1.0,0.13628640826670801
1993,-1.0,0.1361501218584413
1994,-1.0,0.13601397173658286
1995,-1.0,0.1358779577648463
1996,-1.0,0.13574207980708144
1997,-1.0,0.13560633772727437
1998,-1.0,0.1354707313895471
1999,-1.0,0.13533526065815754
2000,-1.0,0.1351999253974994
